<?xml version="1.0" encoding="UTF-8" standalone="no"?>
<!-- pycsw 2.4.2 -->
<csw:GetRecordByIdResponse xmlns:csw="http://www.opengis.net/cat/csw/2.0.2" xmlns:dc="http://purl.org/dc/elements/1.1/" xmlns:dct="http://purl.org/dc/terms/" xmlns:dif="http://gcmd.gsfc.nasa.gov/Aboutus/xml/dif/" xmlns:gmd="http://www.isotc211.org/2005/gmd" xmlns:gml="http://www.opengis.net/gml" xmlns:ows="http://www.opengis.net/ows" xmlns:xs="http://www.w3.org/2001/XMLSchema" xmlns:xsi="http://www.w3.org/2001/XMLSchema-instance" xsi:schemaLocation="http://www.opengis.net/cat/csw/2.0.2 http://schemas.opengis.net/csw/2.0.2/CSW-discovery.xsd">
  <dif:DIF xsi:schemaLocation="http://gcmd.gsfc.nasa.gov/Aboutus/xml/dif/ http://gcmd.gsfc.nasa.gov/Aboutus/xml/dif/dif.xsd">
    <dif:Entry_ID>13f4c164-af2c-11ea-9db7-a8a1590f2dab</dif:Entry_ID>
    <dif:Entry_Title>CNIGS Spatial Data Haiti Boundaries Communes Adm2 Polygon</dif:Entry_Title>
    <dif:Data_Set_Citation>
      <dif:Dataset_Creator>CNIGS</dif:Dataset_Creator>
      <dif:Dataset_Release_Date>2017-10-02T22:00:00Z</dif:Dataset_Release_Date>
      <dif:Dataset_Publisher>Boby Emmanuel Piard</dif:Dataset_Publisher>
      <dif:Data_Presentation_Form>vector</dif:Data_Presentation_Form>
    </dif:Data_Set_Citation>
    <dif:ISO_Topic_Category>boundaries</dif:ISO_Topic_Category>
    <dif:Keyword>features</dif:Keyword>
    <dif:Keyword>hti_boundaries_communes_adm2_cnigs_polygon</dif:Keyword>
    <dif:Temporal_Coverage>
      <dif:Start_Date/>
      <dif:End_Date/>
    </dif:Temporal_Coverage>
    <dif:Spatial_Coverage>
      <dif:Southernmost_Latitude>18.022139</dif:Southernmost_Latitude>
      <dif:Northernmost_Latitude>20.089228</dif:Northernmost_Latitude>
      <dif:Westernmost_Longitude>-74.4804</dif:Westernmost_Longitude>
      <dif:Easternmost_Longitude>-71.622147</dif:Easternmost_Longitude>
    </dif:Spatial_Coverage>
    <dif:Access_Constraints/>
    <dif:Data_Set_Language>eng</dif:Data_Set_Language>
    <dif:Originating_Center>Centre National de l'Information Géo-Spatiale</dif:Originating_Center>
    <dif:Summary>No abstract provided</dif:Summary>
    <dif:DIF_Creation_Date>2017-10-02T22:00:00Z</dif:DIF_Creation_Date>
    <dif:Related_URL>
      <dif:URL/>
    </dif:Related_URL>
    <dif:Related_URL>
      <dif:URL_Content_Type>
        <dif:Type>WWW:DOWNLOAD-1.0-http--download</dif:Type>
      </dif:URL_Content_Type>
      <dif:URL>https://haitidata.org/download/39</dif:URL>
      <dif:Description>CNIGS Spatial Data Haiti Boundaries Communes Adm2 Polygon (Original Dataset Format)</dif:Description>
    </dif:Related_URL>
    <dif:Related_URL>
      <dif:URL_Content_Type>
        <dif:Type>WWW:DOWNLOAD-1.0-http--download</dif:Type>
      </dif:URL_Content_Type>
      <dif:URL>https://haitidata.org/geoserver/ows?layers=geonode%3Ahti_boundaries_communes_adm2_cnigs_polygon&amp;service=WMS&amp;format=image%2Fjpeg&amp;request=GetMap&amp;height=550&amp;width=550&amp;bbox=-74.480400085449200%2C18.022138595581100%2C-71.622146606445300%2C20.089227676391600&amp;srs=EPSG%3A4326</dif:URL>
      <dif:Description>CNIGS Spatial Data Haiti Boundaries Communes Adm2 Polygon (JPEG Format)</dif:Description>
    </dif:Related_URL>
    <dif:Related_URL>
      <dif:URL_Content_Type>
        <dif:Type>WWW:DOWNLOAD-1.0-http--download</dif:Type>
      </dif:URL_Content_Type>
      <dif:URL>https://haitidata.org/geoserver/ows?layers=geonode%3Ahti_boundaries_communes_adm2_cnigs_polygon&amp;service=WMS&amp;format=application%2Fpdf&amp;request=GetMap&amp;height=550&amp;width=550&amp;bbox=-74.480400085449200%2C18.022138595581100%2C-71.622146606445300%2C20.089227676391600&amp;srs=EPSG%3A4326</dif:URL>
      <dif:Description>CNIGS Spatial Data Haiti Boundaries Communes Adm2 Polygon (PDF Format)</dif:Description>
    </dif:Related_URL>
    <dif:Related_URL>
      <dif:URL_Content_Type>
        <dif:Type>WWW:DOWNLOAD-1.0-http--download</dif:Type>
      </dif:URL_Content_Type>
      <dif:URL>https://haitidata.org/geoserver/ows?layers=geonode%3Ahti_boundaries_communes_adm2_cnigs_polygon&amp;service=WMS&amp;format=image%2Fpng&amp;request=GetMap&amp;height=550&amp;width=550&amp;bbox=-74.480400085449200%2C18.022138595581100%2C-71.622146606445300%2C20.089227676391600&amp;srs=EPSG%3A4326</dif:URL>
      <dif:Description>CNIGS Spatial Data Haiti Boundaries Communes Adm2 Polygon (PNG Format)</dif:Description>
    </dif:Related_URL>
    <dif:Related_URL>
      <dif:URL_Content_Type>
        <dif:Type>WWW:DOWNLOAD-1.0-http--download</dif:Type>
      </dif:URL_Content_Type>
      <dif:URL>https://haitidata.org/geoserver/ows?outputFormat=SHAPE-ZIP&amp;service=WFS&amp;srs=EPSG%3A4326&amp;request=GetFeature&amp;format_options=charset%3AUTF-8&amp;typename=geonode%3Ahti_boundaries_communes_adm2_cnigs_polygon&amp;version=1.0.0</dif:URL>
      <dif:Description>CNIGS Spatial Data Haiti Boundaries Communes Adm2 Polygon (Zipped Shapefile Format)</dif:Description>
    </dif:Related_URL>
    <dif:Related_URL>
      <dif:URL_Content_Type>
        <dif:Type>WWW:DOWNLOAD-1.0-http--download</dif:Type>
      </dif:URL_Content_Type>
      <dif:URL>https://haitidata.org/geoserver/ows?outputFormat=gml2&amp;service=WFS&amp;srs=EPSG%3A4326&amp;request=GetFeature&amp;typename=geonode%3Ahti_boundaries_communes_adm2_cnigs_polygon&amp;version=1.0.0</dif:URL>
      <dif:Description>CNIGS Spatial Data Haiti Boundaries Communes Adm2 Polygon (GML 2.0 Format)</dif:Description>
    </dif:Related_URL>
    <dif:Related_URL>
      <dif:URL_Content_Type>
        <dif:Type>WWW:DOWNLOAD-1.0-http--download</dif:Type>
      </dif:URL_Content_Type>
      <dif:URL>https://haitidata.org/geoserver/ows?outputFormat=text%2Fxml%3B+subtype%3Dgml%2F3.1.1&amp;service=WFS&amp;srs=EPSG%3A4326&amp;request=GetFeature&amp;typename=geonode%3Ahti_boundaries_communes_adm2_cnigs_polygon&amp;version=1.0.0</dif:URL>
      <dif:Description>CNIGS Spatial Data Haiti Boundaries Communes Adm2 Polygon (GML 3.1.1 Format)</dif:Description>
    </dif:Related_URL>
    <dif:Related_URL>
      <dif:URL_Content_Type>
        <dif:Type>WWW:DOWNLOAD-1.0-http--download</dif:Type>
      </dif:URL_Content_Type>
      <dif:URL>https://haitidata.org/geoserver/ows?outputFormat=csv&amp;service=WFS&amp;srs=EPSG%3A4326&amp;request=GetFeature&amp;typename=geonode%3Ahti_boundaries_communes_adm2_cnigs_polygon&amp;version=1.0.0</dif:URL>
      <dif:Description>CNIGS Spatial Data Haiti Boundaries Communes Adm2 Polygon (CSV Format)</dif:Description>
    </dif:Related_URL>
    <dif:Related_URL>
      <dif:URL_Content_Type>
        <dif:Type>WWW:DOWNLOAD-1.0-http--download</dif:Type>
      </dif:URL_Content_Type>
      <dif:URL>https://haitidata.org/geoserver/ows?outputFormat=excel&amp;service=WFS&amp;srs=EPSG%3A4326&amp;request=GetFeature&amp;typename=geonode%3Ahti_boundaries_communes_adm2_cnigs_polygon&amp;version=1.0.0</dif:URL>
      <dif:Description>CNIGS Spatial Data Haiti Boundaries Communes Adm2 Polygon (Excel Format)</dif:Description>
    </dif:Related_URL>
    <dif:Related_URL>
      <dif:URL_Content_Type>
        <dif:Type>WWW:DOWNLOAD-1.0-http--download</dif:Type>
      </dif:URL_Content_Type>
      <dif:URL>https://haitidata.org/geoserver/ows?srsName=EPSG%3A4326&amp;outputFormat=json&amp;service=WFS&amp;srs=EPSG%3A4326&amp;request=GetFeature&amp;typename=geonode%3Ahti_boundaries_communes_adm2_cnigs_polygon&amp;version=1.0.0</dif:URL>
      <dif:Description>CNIGS Spatial Data Haiti Boundaries Communes Adm2 Polygon (GeoJSON Format)</dif:Description>
    </dif:Related_URL>
    <dif:Related_URL>
      <dif:URL_Content_Type>
        <dif:Type>WWW:LINK-1.0-http--link</dif:Type>
      </dif:URL_Content_Type>
      <dif:URL>https://haitidata.org/layers/geonode_data:geonode:hti_boundaries_communes_adm2_cnigs_polygon</dif:URL>
      <dif:Description>Web address (URL)</dif:Description>
    </dif:Related_URL>
    <dif:Related_URL>
      <dif:URL_Content_Type>
        <dif:Type>WWW:DOWNLOAD-1.0-http--download</dif:Type>
      </dif:URL_Content_Type>
      <dif:URL>https://haitidata.org/geoserver/ows?service=WMS&amp;request=GetLegendGraphic&amp;format=image/png&amp;WIDTH=20&amp;HEIGHT=20&amp;LAYER=geonode:hti_boundaries_communes_adm2_cnigs_polygon&amp;STYLE=hti_boundaries_communes_adm2_cnigs_polygon&amp;legend_options=fontAntiAliasing:true;fontSize:12;forceLabels:on</dif:URL>
      <dif:Description>CNIGS Spatial Data Haiti Boundaries Communes Adm2 Polygon (Legend Format)</dif:Description>
    </dif:Related_URL>
    <dif:Related_URL>
      <dif:URL_Content_Type>
        <dif:Type>WWW:DOWNLOAD-1.0-http--download</dif:Type>
      </dif:URL_Content_Type>
      <dif:URL>20.089227676391600</dif:URL>
      <dif:Description>CNIGS Spatial Data Haiti Boundaries Communes Adm2 Polygon (Remote Thumbnail Format)</dif:Description>
    </dif:Related_URL>
    <dif:Related_URL>
      <dif:URL_Content_Type>
        <dif:Type>WWW:DOWNLOAD-1.0-http--download</dif:Type>
      </dif:URL_Content_Type>
      <dif:URL>https://haitidata.org/uploaded/thumbs/layer-13f4c164-af2c-11ea-9db7-a8a1590f2dab-thumb.png</dif:URL>
      <dif:Description>CNIGS Spatial Data Haiti Boundaries Communes Adm2 Polygon (Thumbnail Format)</dif:Description>
    </dif:Related_URL>
    <dif:Related_URL>
      <dif:URL_Content_Type>
        <dif:Type>OGC:WMS</dif:Type>
      </dif:URL_Content_Type>
      <dif:URL>https://haitidata.org/geoserver/ows</dif:URL>
      <dif:Description>OGC WMS: geonode Service</dif:Description>
    </dif:Related_URL>
    <dif:Related_URL>
      <dif:URL_Content_Type>
        <dif:Type>OGC:WFS</dif:Type>
      </dif:URL_Content_Type>
      <dif:URL>https://haitidata.org/geoserver/ows</dif:URL>
      <dif:Description>OGC WFS: geonode Service</dif:Description>
    </dif:Related_URL>
    <dif:Metadata_Name>CEOS IDN DIF</dif:Metadata_Name>
    <dif:Metadata_Version>9.7</dif:Metadata_Version>
  </dif:DIF>
</csw:GetRecordByIdResponse>
